CREATE DATABASE  IF NOT EXISTS `c372_supermarketdb` /*!40100 DEFAULT CHARACTER SET latin1 */ /*!80016 DEFAULT ENCRYPTION='N' */;
USE `c372_supermarketdb`;
-- MySQL dump 10.13  Distrib 8.0.34, for Win64 (x86_64)
--
-- Host: localhost    Database: c372_supermarketdb
-- ------------------------------------------------------
-- Server version	8.2.0

/*!40101 SET @OLD_CHARACTER_SET_CLIENT=@@CHARACTER_SET_CLIENT */;
/*!40101 SET @OLD_CHARACTER_SET_RESULTS=@@CHARACTER_SET_RESULTS */;
/*!40101 SET @OLD_COLLATION_CONNECTION=@@COLLATION_CONNECTION */;
/*!50503 SET NAMES utf8 */;
/*!40103 SET @OLD_TIME_ZONE=@@TIME_ZONE */;
/*!40103 SET TIME_ZONE='+00:00' */;
/*!40014 SET @OLD_UNIQUE_CHECKS=@@UNIQUE_CHECKS, UNIQUE_CHECKS=0 */;
/*!40014 SET @OLD_FOREIGN_KEY_CHECKS=@@FOREIGN_KEY_CHECKS, FOREIGN_KEY_CHECKS=0 */;
/*!40101 SET @OLD_SQL_MODE=@@SQL_MODE, SQL_MODE='NO_AUTO_VALUE_ON_ZERO' */;
/*!40111 SET @OLD_SQL_NOTES=@@SQL_NOTES, SQL_NOTES=0 */;

--
-- Table structure for table `products`
--

DROP TABLE IF EXISTS `products`;
/*!40101 SET @saved_cs_client     = @@character_set_client */;
/*!50503 SET character_set_client = utf8mb4 */;
CREATE TABLE `products` (
  `id` int NOT NULL AUTO_INCREMENT,
  `productName` varchar(200) COLLATE utf8mb4_general_ci NOT NULL,
  `quantity` int NOT NULL,
  `price` double(10,2) NOT NULL,
  `image` varchar(50) COLLATE utf8mb4_general_ci NOT NULL,
  PRIMARY KEY (`id`)
) ENGINE=InnoDB AUTO_INCREMENT=21 DEFAULT CHARSET=utf8mb4 COLLATE=utf8mb4_general_ci;
/*!40101 SET character_set_client = @saved_cs_client */;

--
-- Dumping data for table `products`
--

LOCK TABLES `products` WRITE;
/*!40000 ALTER TABLE `products` DISABLE KEYS */;
INSERT INTO `products` VALUES (1,'Apples',50,1.50,'apples.png'),(2,'Bananas',75,0.80,'bananas.png'),(3,'Milk',50,3.50,'milk.png'),(4,'Bread',80,1.80,'bread.png'),(14,'Tomatoes',80,1.50,'tomatoes.png'),(19,'Broccoli',100,5.00,'Broccoli.png');
/*!40000 ALTER TABLE `products` ENABLE KEYS */;
UNLOCK TABLES;

--
-- Table structure for table `users`
--

DROP TABLE IF EXISTS `users`;
/*!40101 SET @saved_cs_client     = @@character_set_client */;
/*!50503 SET character_set_client = utf8mb4 */;
CREATE TABLE `users` (
  `id` int NOT NULL AUTO_INCREMENT,
  `username` varchar(20) NOT NULL,
  `email` varchar(255) NOT NULL,
  `password` varchar(255) NOT NULL,
  `address` varchar(255) NOT NULL,
  `contact` varchar(10) NOT NULL,
  `role` varchar(10) NOT NULL,
  PRIMARY KEY (`id`)
) ENGINE=InnoDB AUTO_INCREMENT=5 DEFAULT CHARSET=latin1;
/*!40101 SET character_set_client = @saved_cs_client */;

--
-- Dumping data for table `users`
--

LOCK TABLES `users` WRITE;
/*!40000 ALTER TABLE `users` DISABLE KEYS */;
INSERT INTO `users` VALUES (1,'Peter Lim','peter@peter.com','7c4a8d09ca3762af61e59520943dc26494f8941b','Woodlands Ave 2','98765432','admin'),(2,'Mary Tan','mary@mary.com','7c4a8d09ca3762af61e59520943dc26494f8941b','Tampines Ave 1','12345678','user'),(3,'bobochan','bobochan@gmail.com','7c4a8d09ca3762af61e59520943dc26494f8941b','Woodlands','98765432','user'),(4,'sarahlee','sarahlee@gmail.com','7c4a8d09ca3762af61e59520943dc26494f8941b','Woodlands','98765432','user');
/*!40000 ALTER TABLE `users` ENABLE KEYS */;
UNLOCK TABLES;

--
-- Table structure for table `carts`
--

DROP TABLE IF EXISTS `carts`;
/*!40101 SET @saved_cs_client     = @@character_set_client */;
/*!50503 SET character_set_client = utf8mb4 */;
CREATE TABLE `carts` (
  `id` int NOT NULL AUTO_INCREMENT,
  `userId` int NOT NULL,
  `productId` int NOT NULL,
  `quantity` int NOT NULL DEFAULT '1',
  `createdAt` datetime NOT NULL DEFAULT CURRENT_TIMESTAMP,
  PRIMARY KEY (`id`),
  UNIQUE KEY `uniq_cart_user_product` (`userId`,`productId`),
  KEY `idx_cart_user` (`userId`),
  KEY `idx_cart_product` (`productId`),
  CONSTRAINT `fk_cart_user` FOREIGN KEY (`userId`) REFERENCES `users` (`id`) ON DELETE CASCADE,
  CONSTRAINT `fk_cart_product` FOREIGN KEY (`productId`) REFERENCES `products` (`id`) ON DELETE CASCADE
) ENGINE=InnoDB DEFAULT CHARSET=utf8mb4 COLLATE=utf8mb4_general_ci;
/*!40101 SET character_set_client = @saved_cs_client */;

--
-- Dumping data for table `carts`
--

LOCK TABLES `carts` WRITE;
/*!40000 ALTER TABLE `carts` DISABLE KEYS */;
INSERT INTO `carts` (`id`,`userId`,`productId`,`quantity`,`createdAt`) VALUES
(1,2,1,2,'2025-10-18 12:00:00'),
(2,4,3,1,'2025-10-19 09:15:00');
/*!40000 ALTER TABLE `carts` ENABLE KEYS */;
UNLOCK TABLES;

--
-- Table structure for table `purchase_history`
--

DROP TABLE IF EXISTS `purchase_history`;
/*!40101 SET @saved_cs_client     = @@character_set_client */;
/*!50503 SET character_set_client = utf8mb4 */;
CREATE TABLE `purchase_history` (
  `id` int NOT NULL AUTO_INCREMENT,
  `userId` int NOT NULL,
  `productId` int NOT NULL,
  `quantity` int NOT NULL DEFAULT '1',
  `totalPrice` double(10,2) NOT NULL,
  `purchasedAt` datetime NOT NULL DEFAULT CURRENT_TIMESTAMP,
  PRIMARY KEY (`id`),
  KEY `idx_ph_user` (`userId`),
  KEY `idx_ph_product` (`productId`),
  CONSTRAINT `fk_ph_user` FOREIGN KEY (`userId`) REFERENCES `users` (`id`) ON DELETE CASCADE,
  CONSTRAINT `fk_ph_product` FOREIGN KEY (`productId`) REFERENCES `products` (`id`) ON DELETE CASCADE
) ENGINE=InnoDB DEFAULT CHARSET=utf8mb4 COLLATE=utf8mb4_general_ci;
/*!40101 SET character_set_client = @saved_cs_client */;

--
-- Trigger to clear cart entries once purchased
--

DROP TRIGGER IF EXISTS `trg_purchase_history_clear_cart`;
DELIMITER $$
CREATE TRIGGER `trg_purchase_history_clear_cart`
AFTER INSERT ON `purchase_history`
FOR EACH ROW
BEGIN
  DELETE FROM `carts`
  WHERE `userId` = NEW.`userId`
    AND `productId` = NEW.`productId`;
END$$
DELIMITER ;

--
-- Dumping data for table `purchase_history`
--

LOCK TABLES `purchase_history` WRITE;
/*!40000 ALTER TABLE `purchase_history` DISABLE KEYS */;
INSERT INTO `purchase_history` (`id`,`userId`,`productId`,`quantity`,`totalPrice`,`purchasedAt`) VALUES
(1,2,1,2,3.00,'2025-10-10 10:00:00'),
(2,4,4,1,1.80,'2025-10-11 15:45:00');
/*!40000 ALTER TABLE `purchase_history` ENABLE KEYS */;
UNLOCK TABLES;

--
-- Table structure for table `reviews`
--

DROP TABLE IF EXISTS `reviews`;
/*!40101 SET @saved_cs_client     = @@character_set_client */;
/*!50503 SET character_set_client = utf8mb4 */;
CREATE TABLE `reviews` (
  `id` int NOT NULL AUTO_INCREMENT,
  `userId` int NOT NULL,
  `productId` int NOT NULL,
  `rating` tinyint unsigned NOT NULL,
  `comment` varchar(500) COLLATE utf8mb4_general_ci DEFAULT NULL,
  `createdAt` datetime NOT NULL DEFAULT CURRENT_TIMESTAMP,
  PRIMARY KEY (`id`),
  KEY `idx_review_user` (`userId`),
  KEY `idx_review_product` (`productId`),
  CONSTRAINT `fk_review_user` FOREIGN KEY (`userId`) REFERENCES `users` (`id`) ON DELETE CASCADE,
  CONSTRAINT `fk_review_product` FOREIGN KEY (`productId`) REFERENCES `products` (`id`) ON DELETE CASCADE
) ENGINE=InnoDB DEFAULT CHARSET=utf8mb4 COLLATE=utf8mb4_general_ci;
/*!40101 SET character_set_client = @saved_cs_client */;

--
-- Dumping data for table `reviews`
--

LOCK TABLES `reviews` WRITE;
/*!40000 ALTER TABLE `reviews` DISABLE KEYS */;
INSERT INTO `reviews` (`id`,`userId`,`productId`,`rating`,`comment`,`createdAt`) VALUES
(1,2,1,5,'Crisp and fresh.','2025-10-12 09:00:00'),
(2,4,3,4,'Great with cereal.','2025-10-13 18:30:00');
/*!40000 ALTER TABLE `reviews` ENABLE KEYS */;
UNLOCK TABLES;
/*!40103 SET TIME_ZONE=@OLD_TIME_ZONE */;

/*!40101 SET SQL_MODE=@OLD_SQL_MODE */;
/*!40014 SET FOREIGN_KEY_CHECKS=@OLD_FOREIGN_KEY_CHECKS */;
/*!40014 SET UNIQUE_CHECKS=@OLD_UNIQUE_CHECKS */;
/*!40101 SET CHARACTER_SET_CLIENT=@OLD_CHARACTER_SET_CLIENT */;
/*!40101 SET CHARACTER_SET_RESULTS=@OLD_CHARACTER_SET_RESULTS */;
/*!40101 SET COLLATION_CONNECTION=@OLD_COLLATION_CONNECTION */;
/*!40111 SET SQL_NOTES=@OLD_SQL_NOTES */;

-- Dump completed on 2025-10-19 17:33:08
